INSERT INTO [dbo].[Branches] ([BranchesGUID], [BranchesName], [BranchesAddress], [BranchesEmail], [BranchesTel]) VALUES (N'c44f8b97-b8f9-44e1-94ab-b21d4518cb29', N'KUALA LUMPUR MAIN CAMPUS', N'Jalan Genting Kelang, Setapak,
53300 Kuala Lumpur,
P.O. Box 10979, 50932 Kuala Lumpur, Malaysia.', N'info_krousex@gmail.com', N'60123456789')

INSERT INTO [dbo].[Faculty] ([FacultyGUID], [FacultyAbbrv], [FacultyName], [FacultyDesc]) VALUES (N'c913ca56-1809-4792-b5e7-f3f2b0eebd9c', N'FOCS', N'Faculty of Computer Science ', N'Lorem ipsum dolor sit amet, consectetur adipiscing elit. Phasellus vulputate sed sem vel dapibus. Vestibulum blandit venenatis justo, vitae interdum.')

INSERT INTO [dbo].[Student] ([StudentGUID], [StudentUsername], [StudentPassword], [StudentFullName], [Gender], [DOB], [PhoneNumber], [Email], [NRIC], [Address], [ProfileImage], [AccountRegisterDate], [LastUpdateInfo], [StudyStatus], [BranchesGUID], [FacultyGUID], [SessionGUID]) VALUES (N'8a44dd59-ec36-4d7c-9c5b-4fd064977d3f', N'jerry', N'pojZ9nX5yNS4CWglJ+xm8QsfdByCIsa4ppKY4NS48Fo=', N'lau', N'male', N'2013-08-09', N'01126085655', N'krystywoon25@gmail.com', N'001225-14-0368', N'70-B Jalan Berhala Brickfields', N'ProfileImg_b2d4a114-910d-4d8d-8532-e22e8b4c6448.jpg', N'2021-10-13 22:20:06', N'2021-10-20 01:10:55', NULL, N'c44f8b97-b8f9-44e1-94ab-b21d4518cb29', N'c913ca56-1809-4792-b5e7-f3f2b0eebd9c', NULL)
INSERT INTO [dbo].[Student] ([StudentGUID], [StudentUsername], [StudentPassword], [StudentFullName], [Gender], [DOB], [PhoneNumber], [Email], [NRIC], [Address], [ProfileImage], [AccountRegisterDate], [LastUpdateInfo], [StudyStatus], [BranchesGUID], [FacultyGUID], [SessionGUID]) VALUES (N'b750662c-1bd0-4cca-b5c1-96f60a791f5d', N'krysty12', N'4sp9Jeo2I9tv7+GBJIXCMQ==', N'woon', N'female', N'2001-12-03', N'01126085647', N'krysty25@gmail.com', N'001225-14-0394', N'Jalan Intan Baiduri 4', N'Profile3.jpg', N'2021-10-14 17:53:07', NULL, NULL, N'c44f8b97-b8f9-44e1-94ab-b21d4518cb29', N'c913ca56-1809-4792-b5e7-f3f2b0eebd9c', NULL)

INSERT INTO [dbo].[Staff] ([StaffGUID], [StaffUsername], [StaffPassword], [StaffFullName], [Gender], [StaffRole], [StaffPositiion], [StaffStatus], [PhoneNumber], [Email], [NRIC], [ProfileImage], [LastUpdateInfo], [Specialization], [BranchesGUID], [FacultyGUID]) VALUES (N'cdef4d65-44e1-4737-8da8-9d1b83edba9f', N'jerry5678', N'pojZ9nX5yNS4CWglJ+xm8QsfdByCIsa4ppKY4NS48Fo=', N'Jerry Lau', N'Male', N'Academic Staff', N'Senior Lecture', N'Active', N'0123456789', N'jerrylau0725@gmail.com', N'000725-10-0739', N'Profile1.jpg', NULL, N'Computer Science', N'c44f8b97-b8f9-44e1-94ab-b21d4518cb29', N'c913ca56-1809-4792-b5e7-f3f2b0eebd9c')
INSERT INTO [dbo].[Staff] ([StaffGUID], [StaffUsername], [StaffPassword], [StaffFullName], [Gender], [StaffRole], [StaffPositiion], [StaffStatus], [PhoneNumber], [Email], [NRIC], [ProfileImage], [LastUpdateInfo], [Specialization], [BranchesGUID], [FacultyGUID]) VALUES (N'57bef58f-3b49-4c13-95b4-f53f8974cf1f', N'jerry1234', N'dq+YNuNesVRYSlGsF8xMfQ==', N'Jerry Lau', N'Male', N'Academic Staff', N'Tutor', N'Active', N'0123366768', N'kitty0725gaming@gmail.com', N'000725-10-0739', N'ProfileImg_65e39935-a0f6-49e5-be90-c8c6f9fb56f8.png', N'2021-10-20 14:07:31', N'Computer Science', N'c44f8b97-b8f9-44e1-94ab-b21d4518cb29', N'c913ca56-1809-4792-b5e7-f3f2b0eebd9c')

INSERT INTO [dbo].[Forum] ([ForumGUID], [ForumTopic], [ForumDesc], [ForumCategory], [ForumStatus], [ForumType], [ForumCreatedBy], [ForumCreatedDate], [ForumLastUpdatedBy], [ForumLastUpdatedDate]) VALUES (N'8b676194-ee8a-4723-98e8-1be6f37327a4', N'General Discussion', N'Discuss School Related', N'General', N'Active', N'Public', N'jerry1234', N'2021-10-18 17:17:57', N'jerry1234', N'2021-10-18 17:17:57')
INSERT INTO [dbo].[Forum] ([ForumGUID], [ForumTopic], [ForumDesc], [ForumCategory], [ForumStatus], [ForumType], [ForumCreatedBy], [ForumCreatedDate], [ForumLastUpdatedBy], [ForumLastUpdatedDate]) VALUES (N'd73d596c-5900-4842-a216-65dedd220f41', N'Announcements ', N'Announcements from school management team', N'Announcements', N'Active', N'Public', N'jerry1234', N'2021-10-20 12:30:52', N'jerry1234', N'2021-10-20 12:30:52')

INSERT INTO [dbo].[Discussion] ([DiscGUID], [ForumGUID], [DiscTopic], [DiscDesc], [DiscContent], [DiscStatus], [DiscIsPinned], [DiscIsLocked], [DiscCreatedBy], [DiscCreatedDate], [DiscLastUpdatedBy], [DiscLastUpdatedDate]) VALUES (N'8bfccfbf-863b-4e09-83c4-76e4ad2d0e96', N'8b676194-ee8a-4723-98e8-1be6f37327a4', N'Test 4', N'Test 4', N'Test 4', N'Active', N'No', N'No',N'jerry', N'2021-10-20 19:44:20', N'jerry', N'2021-10-20 19:44:20')
INSERT INTO [dbo].[Discussion] ([DiscGUID], [ForumGUID], [DiscTopic], [DiscDesc], [DiscContent], [DiscStatus], [DiscIsPinned], [DiscIsLocked], [DiscCreatedBy], [DiscCreatedDate], [DiscLastUpdatedBy], [DiscLastUpdatedDate]) VALUES (N'b3063419-2f0c-4709-bcf5-81d3aaf11d98', N'8b676194-ee8a-4723-98e8-1be6f37327a4', N'Test 5', N'Test 5', N'Test 5', N'Active', N'No', N'No',N'jerry5678', N'2021-10-20 20:37:24', N'jerry5678', N'2021-10-20 20:37:24')
INSERT INTO [dbo].[Discussion] ([DiscGUID], [ForumGUID], [DiscTopic], [DiscDesc], [DiscContent], [DiscStatus], [DiscIsPinned], [DiscIsLocked], [DiscCreatedBy], [DiscCreatedDate], [DiscLastUpdatedBy], [DiscLastUpdatedDate]) VALUES (N'57bef58f-3b49-4c13-95b4-f53f8974cc1d', N'8b676194-ee8a-4723-98e8-1be6f37327a4', N'Test', N'Test', N'Test', N'Inactive', N'No', N'No',N'jerry1234', N'2021-10-18 17:17:58', N'jerry1234', N'2021-10-18 17:17:57')
INSERT INTO [dbo].[Discussion] ([DiscGUID], [ForumGUID], [DiscTopic], [DiscDesc], [DiscContent], [DiscStatus], [DiscIsPinned], [DiscIsLocked], [DiscCreatedBy], [DiscCreatedDate], [DiscLastUpdatedBy], [DiscLastUpdatedDate]) VALUES (N'57bef56f-3b49-4c13-95b4-f53f8974cf1d', N'd73d596c-5900-4842-a216-65dedd220f41', N'Test', N'Test', N'Test', N'Active', N'Yes', N'Yes',N'jerry1234', N'2021-10-18 17:17:59', N'jerry1234', N'2021-10-18 17:17:57')
INSERT INTO [dbo].[Discussion] ([DiscGUID], [ForumGUID], [DiscTopic], [DiscDesc], [DiscContent], [DiscStatus], [DiscIsPinned], [DiscIsLocked], [DiscCreatedBy], [DiscCreatedDate], [DiscLastUpdatedBy], [DiscLastUpdatedDate]) VALUES (N'57bef58f-3b49-4c13-95b4-f53f8974cf1d', N'8b676194-ee8a-4723-98e8-1be6f37327a4', N'Test', N'Test', N'This is a discussion content', N'Active', N'Yes', N'Yes',N'jerry1234', N'2021-10-18 17:17:55', N'jerry1234', N'2021-10-18 17:17:57')
INSERT INTO [dbo].[Discussion] ([DiscGUID], [ForumGUID], [DiscTopic], [DiscDesc], [DiscContent], [DiscStatus], [DiscIsPinned], [DiscIsLocked], [DiscCreatedBy], [DiscCreatedDate], [DiscLastUpdatedBy], [DiscLastUpdatedDate]) VALUES (N'ce20338a-ccb9-4803-b3d3-ff59cf27a3fc', N'd73d596c-5900-4842-a216-65dedd220f41', N'Test 3', N'Test 3', N'Test 3', N'Active', N'No', N'No',N'jerry1234', N'2021-10-20 18:17:14', N'jerry1234', N'2021-10-20 18:17:14')

INSERT INTO [dbo].[Replies] ([ReplyGUID], [DiscGUID], [ReplyContent], [ReplyDate], [ReplyBy]) VALUES (N'eecd1ef6-57a8-4cb0-b405-14443f87a4d9', N'57bef58f-3b49-4c13-95b4-f53f8974cf1d', N'test 1', N'2021-10-19 22:12:23', N'jerry1234')
INSERT INTO [dbo].[Replies] ([ReplyGUID], [DiscGUID], [ReplyContent], [ReplyDate], [ReplyBy]) VALUES (N'6771fb51-b1b0-486a-8f7c-4e90a4a450eb', N'ce20338a-ccb9-4803-b3d3-ff59cf27a3fc', N'Lets Go', N'2021-10-20 18:21:38', N'jerry')
INSERT INTO [dbo].[Replies] ([ReplyGUID], [DiscGUID], [ReplyContent], [ReplyDate], [ReplyBy]) VALUES (N'c4fdbf48-f8b8-45c3-bf65-dcb8cfef2b61', N'57bef58f-3b49-4c13-95b4-f53f8974cf1d', N'asd', N'2021-10-19 22:20:29', N'jerry')
INSERT INTO [dbo].[Replies] ([ReplyGUID], [DiscGUID], [ReplyContent], [ReplyDate], [ReplyBy]) VALUES (N'39da2ba7-470f-4f63-891d-f475c5ee41d6', N'ce20338a-ccb9-4803-b3d3-ff59cf27a3fc', N'Lets go', N'2021-10-20 18:21:08', N'jerry1234')
INSERT INTO [dbo].[Replies] ([ReplyGUID], [DiscGUID], [ReplyContent], [ReplyDate], [ReplyBy]) VALUES (N'57bef58f-3b49-4c13-95b4-f53f8974cf2d', N'57bef58f-3b49-4c13-95b4-f53f8974cf1d', N'Rpely 1', N'2021-10-18 17:17:57', N'jerry1234')
INSERT INTO [dbo].[Replies] ([ReplyGUID], [DiscGUID], [ReplyContent], [ReplyDate], [ReplyBy]) VALUES (N'57bef58f-3b49-4c13-95b4-f53f8974cf3d', N'57bef58f-3b49-4c13-95b4-f53f8974cf1d', N'Reply 2', N'2021-10-18 17:17:58', N'jerry1234')
INSERT INTO [dbo].[Replies] ([ReplyGUID], [DiscGUID], [ReplyContent], [ReplyDate], [ReplyBy]) VALUES (N'57bef58f-3b49-4c13-95b4-f53f8974cf4d', N'57bef58f-3b49-4c13-95b4-f53f8974cf1d', N'Reply 3', N'2021-10-18 17:17:59', N'jerry1234')
INSERT INTO [dbo].[Replies] ([ReplyGUID], [DiscGUID], [ReplyContent], [ReplyDate], [ReplyBy]) VALUES (N'57bef58f-3b49-4c13-95b4-f53f8974cf5d', N'57bef58f-3b49-4c13-95b4-f53f8974cc1d', N'Test', N'2021-10-19 18:17:59', N'jerry1234')

INSERT INTO [dbo].[Programme] ([ProgrammeGUID], [ProgrammeAbbrv], [ProgrammeName], [ProgrammeDesc], [ProgrammeDuration], [ProgrammeCategory], [ProgrammeFullorPart], [FacultyGUID]) VALUES (N'2c21b74b-eedc-4f9a-ab88-038f9f65523d', N'REI', N'Bachelor of Information Systems (Honours) in Enterprise Information Systems', N'Bachelor programme that is related to Enterprise Information Systems', N'3', N'Bachelor Degree', N'Full Time', N'c913ca56-1809-4792-b5e7-f3f2b0eebd9c')
INSERT INTO [dbo].[Programme] ([ProgrammeGUID], [ProgrammeAbbrv], [ProgrammeName], [ProgrammeDesc], [ProgrammeDuration], [ProgrammeCategory], [ProgrammeFullorPart], [FacultyGUID]) VALUES (N'9c1f0c06-6cde-42c9-abb1-1a7b6e24ddb8', N'JLP1', N'jerry lau1', N'ben dan jerry', N'1', N'Diploma', N'Full Time', N'70b874bf-786d-4066-8c11-3536695c69ed')
INSERT INTO [dbo].[Programme] ([ProgrammeGUID], [ProgrammeAbbrv], [ProgrammeName], [ProgrammeDesc], [ProgrammeDuration], [ProgrammeCategory], [ProgrammeFullorPart], [FacultyGUID]) VALUES (N'bd29bb46-0826-498e-b624-1bc9ca5969d5', N'DPIT', N'Doctor of Philosophy (Information Technology) ', N'Provide further studies for Doctor Philosophy in Information Technology which equipped high thinking skills.', N'3', N'Doctor of Philosophy', N'Full Time', N'c913ca56-1809-4792-b5e7-f3f2b0eebd9c')
INSERT INTO [dbo].[Programme] ([ProgrammeGUID], [ProgrammeAbbrv], [ProgrammeName], [ProgrammeDesc], [ProgrammeDuration], [ProgrammeCategory], [ProgrammeFullorPart], [FacultyGUID]) VALUES (N'953802d4-b0af-44c2-ace5-1c82c750dbee', N'DIS', N'Diploma in Information Systems', N'Information System programme', N'2', N'Diploma', N'Full Time', N'c913ca56-1809-4792-b5e7-f3f2b0eebd9c')
INSERT INTO [dbo].[Programme] ([ProgrammeGUID], [ProgrammeAbbrv], [ProgrammeName], [ProgrammeDesc], [ProgrammeDuration], [ProgrammeCategory], [ProgrammeFullorPart], [FacultyGUID]) VALUES (N'2a328498-7fd2-4a03-85f7-204d3009def1', N'FAC', N'Foundation in Accounting', N'Foundation study in Accounting', N'1', N'Foundation', N'Full Time', N'70b874bf-786d-4066-8c11-3536695c69ed')
INSERT INTO [dbo].[Programme] ([ProgrammeGUID], [ProgrammeAbbrv], [ProgrammeName], [ProgrammeDesc], [ProgrammeDuration], [ProgrammeCategory], [ProgrammeFullorPart], [FacultyGUID]) VALUES (N'faa5422b-b2b2-4dbc-ac24-25de115d75af', N'RSFT', N'Bachelor of Computer Science (Honours) in Software Engineering testing', N'testing validation', N'2', N'Bachelor Degree', N'Full Time', N'70b874bf-786d-4066-8c11-3536695c69ed')
INSERT INTO [dbo].[Programme] ([ProgrammeGUID], [ProgrammeAbbrv], [ProgrammeName], [ProgrammeDesc], [ProgrammeDuration], [ProgrammeCategory], [ProgrammeFullorPart], [FacultyGUID]) VALUES (N'f6ac8b7a-ca7f-43f5-b3b7-326e59f6f9f1', N'FSC', N'Foundation in Science', N'Foundation study in Science which covers science-based courses', N'1', N'Foundation', N'Full Time', N'01e14dbc-9ca3-46f7-8ea0-0b0b3ceddc53')
INSERT INTO [dbo].[Programme] ([ProgrammeGUID], [ProgrammeAbbrv], [ProgrammeName], [ProgrammeDesc], [ProgrammeDuration], [ProgrammeCategory], [ProgrammeFullorPart], [FacultyGUID]) VALUES (N'9f8c939a-b5fa-4af0-aadb-335c6bc39ff3', N'DPIT', N'Doctor of Philosophy (Information Technology) ', N'doctors of philosophy in Information Technology', N'4', N'Doctor of Philosophy', N'Part Time', N'c913ca56-1809-4792-b5e7-f3f2b0eebd9c')
INSERT INTO [dbo].[Programme] ([ProgrammeGUID], [ProgrammeAbbrv], [ProgrammeName], [ProgrammeDesc], [ProgrammeDuration], [ProgrammeCategory], [ProgrammeFullorPart], [FacultyGUID]) VALUES (N'ac6cb816-79b5-4b7d-a049-34910509c551', N'RMM', N'Bachelor of Science (Honours) in Management Mathematics with Computing', N'Management Mathematics with Computing programme that offered to Bachelor Degree student', N'3', N'Bachelor Degree', N'Full Time', N'c913ca56-1809-4792-b5e7-f3f2b0eebd9c')
INSERT INTO [dbo].[Programme] ([ProgrammeGUID], [ProgrammeAbbrv], [ProgrammeName], [ProgrammeDesc], [ProgrammeDuration], [ProgrammeCategory], [ProgrammeFullorPart], [FacultyGUID]) VALUES (N'7910a8f4-f58e-48df-bcfd-3518a340cd5f', N'DHT', N'Diploma in Hotel Management (DHT)', N'Hotel Management', N'2', N'Diploma', N'Full Time', N'9180e4f4-4e85-4e8d-bb7c-5dff010da268')
INSERT INTO [dbo].[Programme] ([ProgrammeGUID], [ProgrammeAbbrv], [ProgrammeName], [ProgrammeDesc], [ProgrammeDuration], [ProgrammeCategory], [ProgrammeFullorPart], [FacultyGUID]) VALUES (N'35065b0a-d5a1-46f3-93c3-439e9c86c29a', N'DFS', N'Diploma in Food Science', N'Programme that covers the knowledge such as chemistry, microbiology, basic food science, food technology and so on. ', N'2', N'Diploma', N'Full Time', N'01e14dbc-9ca3-46f7-8ea0-0b0b3ceddc53')
INSERT INTO [dbo].[Programme] ([ProgrammeGUID], [ProgrammeAbbrv], [ProgrammeName], [ProgrammeDesc], [ProgrammeDuration], [ProgrammeCategory], [ProgrammeFullorPart], [FacultyGUID]) VALUES (N'316d2631-caf5-40b5-9b5f-44d321cf2d9f', N'DIT', N'Diploma in Information Technology', N'Information technology programme. This programme will covered C language, Assembly language, HTML5, CSS and so on.', N'2', N'Diploma', N'Full Time', N'c913ca56-1809-4792-b5e7-f3f2b0eebd9c')
INSERT INTO [dbo].[Programme] ([ProgrammeGUID], [ProgrammeAbbrv], [ProgrammeName], [ProgrammeDesc], [ProgrammeDuration], [ProgrammeCategory], [ProgrammeFullorPart], [FacultyGUID]) VALUES (N'd35e559d-800f-42ee-bf34-459518695eb3', N'NBV', N'testing5', N'nbv', N'2', N'Foundation', N'Full Time', N'70b874bf-786d-4066-8c11-3536695c69ed')
INSERT INTO [dbo].[Programme] ([ProgrammeGUID], [ProgrammeAbbrv], [ProgrammeName], [ProgrammeDesc], [ProgrammeDuration], [ProgrammeCategory], [ProgrammeFullorPart], [FacultyGUID]) VALUES (N'abbc8e25-d9b3-4a1b-b3d5-4ef626bdadd9', N'MCS', N'Master of Computer Science', N'master of computer science - part time', N'3', N'Master', N'Part Time', N'c913ca56-1809-4792-b5e7-f3f2b0eebd9c')
INSERT INTO [dbo].[Programme] ([ProgrammeGUID], [ProgrammeAbbrv], [ProgrammeName], [ProgrammeDesc], [ProgrammeDuration], [ProgrammeCategory], [ProgrammeFullorPart], [FacultyGUID]) VALUES (N'28630e63-31c2-4418-9297-5d389cc62f0f', N'RSD', N'Bachelor of Information Technology (Honours) in Software System Development', N'It''s a Bachelor Degree programme that covered different course such as Web Application Development and so on.', N'3', N'Bachelor Degree', N'Full Time', N'c913ca56-1809-4792-b5e7-f3f2b0eebd9c')
INSERT INTO [dbo].[Programme] ([ProgrammeGUID], [ProgrammeAbbrv], [ProgrammeName], [ProgrammeDesc], [ProgrammeDuration], [ProgrammeCategory], [ProgrammeFullorPart], [FacultyGUID]) VALUES (N'3beebb5a-5c92-4b06-8393-5e37d7dc26ba', N'RSF', N'Bachelor of Computer Science (Honours) in Software Engineering', N'Software Engineering programme ', N'3', N'Bachelor Degree', N'Full Time', N'c913ca56-1809-4792-b5e7-f3f2b0eebd9c')
INSERT INTO [dbo].[Programme] ([ProgrammeGUID], [ProgrammeAbbrv], [ProgrammeName], [ProgrammeDesc], [ProgrammeDuration], [ProgrammeCategory], [ProgrammeFullorPart], [FacultyGUID]) VALUES (N'41f8187c-6a92-47b5-9321-713de4b4fe11', N'MCS', N'Master of Computer Science', N'Master of computer science programme', N'2', N'Master', N'Full Time', N'c913ca56-1809-4792-b5e7-f3f2b0eebd9c')
INSERT INTO [dbo].[Programme] ([ProgrammeGUID], [ProgrammeAbbrv], [ProgrammeName], [ProgrammeDesc], [ProgrammeDuration], [ProgrammeCategory], [ProgrammeFullorPart], [FacultyGUID]) VALUES (N'e0c7357a-fd49-46c6-8357-83d2429fc4dd', N'DBF', N'Diploma in Banking and Finance', N'Banking and Finance programme for diploma student', N'2', N'Diploma', N'Full Time', N'70b874bf-786d-4066-8c11-3536695c69ed')
INSERT INTO [dbo].[Programme] ([ProgrammeGUID], [ProgrammeAbbrv], [ProgrammeName], [ProgrammeDesc], [ProgrammeDuration], [ProgrammeCategory], [ProgrammeFullorPart], [FacultyGUID]) VALUES (N'3e0e6f65-5a11-4a54-8d20-96080a10b64b', N'RCA', N'Bachelor of Corporate Administration (Honours)  ', N'Corporate Administration Programme', N'3', N'Bachelor Degree', N'Full Time', N'70b874bf-786d-4066-8c11-3536695c69ed')
INSERT INTO [dbo].[Programme] ([ProgrammeGUID], [ProgrammeAbbrv], [ProgrammeName], [ProgrammeDesc], [ProgrammeDuration], [ProgrammeCategory], [ProgrammeFullorPart], [FacultyGUID]) VALUES (N'9058a9d1-2112-4630-a503-96d97829e75a', N'DPFS', N'Doctor of Philosophy (Food Science)', N'Further study of Doctor philosophy in Food Science', N'3', N'Doctor of Philosophy', N'Full Time', N'01e14dbc-9ca3-46f7-8ea0-0b0b3ceddc53')
INSERT INTO [dbo].[Programme] ([ProgrammeGUID], [ProgrammeAbbrv], [ProgrammeName], [ProgrammeDesc], [ProgrammeDuration], [ProgrammeCategory], [ProgrammeFullorPart], [FacultyGUID]) VALUES (N'41a191a8-3d5d-487c-bb8c-9ef50012a99c', N'IUY', N'TESTING', N'FDGFGD', N'2', N'Foundation', N'Full Time', N'70b874bf-786d-4066-8c11-3536695c69ed')
INSERT INTO [dbo].[Programme] ([ProgrammeGUID], [ProgrammeAbbrv], [ProgrammeName], [ProgrammeDesc], [ProgrammeDuration], [ProgrammeCategory], [ProgrammeFullorPart], [FacultyGUID]) VALUES (N'73ec8778-4081-4ef8-a0b1-a07fce4294d6', N'DSE', N'Diploma in Software Engineering', N'Software Engineering (Diploma)', N'2', N'Diploma', N'Full Time', N'c913ca56-1809-4792-b5e7-f3f2b0eebd9c')
INSERT INTO [dbo].[Programme] ([ProgrammeGUID], [ProgrammeAbbrv], [ProgrammeName], [ProgrammeDesc], [ProgrammeDuration], [ProgrammeCategory], [ProgrammeFullorPart], [FacultyGUID]) VALUES (N'3ab9cf83-d71b-41df-b9ea-aa269b55fff9', N'DPMS', N'Doctor of Philosophy (Mathematical Sciences)', N'Further studies of Doctor Philosophy in Mathematical Sciences', N'3', N'Doctor of Philosophy', N'Full Time', N'c913ca56-1809-4792-b5e7-f3f2b0eebd9c')
INSERT INTO [dbo].[Programme] ([ProgrammeGUID], [ProgrammeAbbrv], [ProgrammeName], [ProgrammeDesc], [ProgrammeDuration], [ProgrammeCategory], [ProgrammeFullorPart], [FacultyGUID]) VALUES (N'5a4fccb7-6059-426d-a24c-c7ec07227754', N'LPJ', N'lau pin jian', N'chou bao bao', N'2', N'Bachelor Degree', N'Full Time', N'70b874bf-786d-4066-8c11-3536695c69ed')
INSERT INTO [dbo].[Programme] ([ProgrammeGUID], [ProgrammeAbbrv], [ProgrammeName], [ProgrammeDesc], [ProgrammeDuration], [ProgrammeCategory], [ProgrammeFullorPart], [FacultyGUID]) VALUES (N'42653863-c594-4d68-b64a-cee41f7c9dd6', N'DPFS', N'Doctor of Philosophy (Food Science)', N'Food Science - Part Time - 4 years - Doctor of Philosophy', N'4', N'Doctor of Philosophy', N'Part Time', N'01e14dbc-9ca3-46f7-8ea0-0b0b3ceddc53')
INSERT INTO [dbo].[Programme] ([ProgrammeGUID], [ProgrammeAbbrv], [ProgrammeName], [ProgrammeDesc], [ProgrammeDuration], [ProgrammeCategory], [ProgrammeFullorPart], [FacultyGUID]) VALUES (N'e8fb42c1-a4ed-4f0d-862a-d0c4ef2eea63', N'MFS', N'Master of Science (Food Science)', N'master of food science - part time', N'3', N'Master', N'Part Time', N'01e14dbc-9ca3-46f7-8ea0-0b0b3ceddc53')
INSERT INTO [dbo].[Programme] ([ProgrammeGUID], [ProgrammeAbbrv], [ProgrammeName], [ProgrammeDesc], [ProgrammeDuration], [ProgrammeCategory], [ProgrammeFullorPart], [FacultyGUID]) VALUES (N'7d3ca129-b13b-4b66-baa5-d96f5deeafd3', N'MFS', N'Master of Science (Food Science)', N'master of food science - full time', N'2', N'Master', N'Full Time', N'01e14dbc-9ca3-46f7-8ea0-0b0b3ceddc53')
INSERT INTO [dbo].[Programme] ([ProgrammeGUID], [ProgrammeAbbrv], [ProgrammeName], [ProgrammeDesc], [ProgrammeDuration], [ProgrammeCategory], [ProgrammeFullorPart], [FacultyGUID]) VALUES (N'032a0c91-d0db-4b99-a966-da3a2164fc96', N'FBS', N'Foundation in Business', N'Foundation study in Business ', N'1', N'Foundation', N'Full Time', N'70b874bf-786d-4066-8c11-3536695c69ed')
INSERT INTO [dbo].[Programme] ([ProgrammeGUID], [ProgrammeAbbrv], [ProgrammeName], [ProgrammeDesc], [ProgrammeDuration], [ProgrammeCategory], [ProgrammeFullorPart], [FacultyGUID]) VALUES (N'cc88c46c-06cc-45b5-b07a-daf1707dec62', N'LPJ1', N'lau pin jian1', N'chou ben dan ', N'2', N'Bachelor Degree', N'Full Time', N'70b874bf-786d-4066-8c11-3536695c69ed')
INSERT INTO [dbo].[Programme] ([ProgrammeGUID], [ProgrammeAbbrv], [ProgrammeName], [ProgrammeDesc], [ProgrammeDuration], [ProgrammeCategory], [ProgrammeFullorPart], [FacultyGUID]) VALUES (N'12f934f0-a5f6-46e2-9f71-e10351c701f4', N'MSMS', N'Master of Science in Mathematical Sciences', N'master of science in mathematical sciences - full time', N'2', N'Master', N'Full Time', N'c913ca56-1809-4792-b5e7-f3f2b0eebd9c')
INSERT INTO [dbo].[Programme] ([ProgrammeGUID], [ProgrammeAbbrv], [ProgrammeName], [ProgrammeDesc], [ProgrammeDuration], [ProgrammeCategory], [ProgrammeFullorPart], [FacultyGUID]) VALUES (N'9baa8a13-9a51-4dfa-809b-e218a37c25f4', N'MSMS', N'Master of Science in Mathematical Sciences', N'master of science in mathematical sciences - part time', N'3', N'Master', N'Part Time', N'c913ca56-1809-4792-b5e7-f3f2b0eebd9c')
INSERT INTO [dbo].[Programme] ([ProgrammeGUID], [ProgrammeAbbrv], [ProgrammeName], [ProgrammeDesc], [ProgrammeDuration], [ProgrammeCategory], [ProgrammeFullorPart], [FacultyGUID]) VALUES (N'69dc85da-59b5-4c86-a2f9-e248373cb68d', N'RIT', N'Bachelor of Information Technology (Honours) in Internet Technology', N'Internet Technology Programme', N'3', N'Bachelor Degree', N'Full Time', N'c913ca56-1809-4792-b5e7-f3f2b0eebd9c')
INSERT INTO [dbo].[Programme] ([ProgrammeGUID], [ProgrammeAbbrv], [ProgrammeName], [ProgrammeDesc], [ProgrammeDuration], [ProgrammeCategory], [ProgrammeFullorPart], [FacultyGUID]) VALUES (N'7784fd37-411d-4972-97dc-e6efb83c56d5', N'FCP', N'Foundation in Computing', N'Foundation study in Computing which covers basic IT related courses that provide the student a solid foundation of the course.', N'1', N'Foundation', N'Full Time', N'c913ca56-1809-4792-b5e7-f3f2b0eebd9c')
INSERT INTO [dbo].[Programme] ([ProgrammeGUID], [ProgrammeAbbrv], [ProgrammeName], [ProgrammeDesc], [ProgrammeDuration], [ProgrammeCategory], [ProgrammeFullorPart], [FacultyGUID]) VALUES (N'cc751f26-8d28-44b1-b03a-ef69b4b319ce', N'DPMS', N'Doctor of Philosophy (Mathematical Sciences)', N'further studies of doctor philosophy in Mathematical Science', N'4', N'Doctor of Philosophy', N'Part Time', N'c913ca56-1809-4792-b5e7-f3f2b0eebd9c')
INSERT INTO [dbo].[Programme] ([ProgrammeGUID], [ProgrammeAbbrv], [ProgrammeName], [ProgrammeDesc], [ProgrammeDuration], [ProgrammeCategory], [ProgrammeFullorPart], [FacultyGUID]) VALUES (N'1e0d0814-0d33-47f5-9460-faf78fa34524', N'JLP', N'jerry lau', N'jerry lau', N'2', N'Diploma', N'Full Time', N'01e14dbc-9ca3-46f7-8ea0-0b0b3ceddc53')

INSERT INTO [dbo].[ProgrammeCourse] ([ProgrammeCourseGUID], [CourseGUID], [SemesterGUID], [ProgrammeGUID]) VALUES (N'347b18c8-e47a-45fc-9257-33c21b78ef67', N'12893845-e04d-4f6b-93e6-1ff788891b25', N'f8a8fc26-c7ba-498c-b195-4b80cf7d0f54', N'28630e63-31c2-4418-9297-5d389cc62f0f')
INSERT INTO [dbo].[ProgrammeCourse] ([ProgrammeCourseGUID], [CourseGUID], [SemesterGUID], [ProgrammeGUID]) VALUES (N'4f054461-4d7c-4541-b253-515898506c7c', N'618808e9-8fc4-45ca-b01f-170caeb476c1', N'f8a8fc26-c7ba-498c-b195-4b80cf7d0f54', N'28630e63-31c2-4418-9297-5d389cc62f0f')
INSERT INTO [dbo].[ProgrammeCourse] ([ProgrammeCourseGUID], [CourseGUID], [SemesterGUID], [ProgrammeGUID]) VALUES (N'c1d7d494-771e-4b3a-9710-e65341790bd9', N'2b0023b9-91b6-44ca-97cb-03de665b143e', N'f8a8fc26-c7ba-498c-b195-4b80cf7d0f54', N'28630e63-31c2-4418-9297-5d389cc62f0f')

INSERT INTO [dbo].[Chat] ([ChatGUID], [StudentGUID], [StaffGUID], [ChatStatus], [CreatedDate], [EndDate]) VALUES (N'1a51070b-542a-4068-8c1b-f8c2723a126f', N'8a44dd59-ec36-4d7c-9c5b-4fd064977d3f', NULL, N'Pending', N'2021-10-23 20:39:44', NULL)

INSERT INTO [dbo].[Message] ([MessageGUID], [ChatGUID], [MessageDetail], [MessageType], [UserType], [SendDate]) VALUES (N'808e9ec6-87bc-4e63-ac0f-049231cb7937', N'1a51070b-542a-4068-8c1b-f8c2723a126f', N'a<br>', N'Text', N'Staff', N'2021-10-24 15:50:18')
INSERT INTO [dbo].[Message] ([MessageGUID], [ChatGUID], [MessageDetail], [MessageType], [UserType], [SendDate]) VALUES (N'788bb7c2-3f90-4ca0-a19f-309906e2bd30', N'1a51070b-542a-4068-8c1b-f8c2723a126f', N'asd asda sda   asdddd a', N'Text', N'Student', N'2021-10-24 15:32:52')
INSERT INTO [dbo].[Message] ([MessageGUID], [ChatGUID], [MessageDetail], [MessageType], [UserType], [SendDate]) VALUES (N'5f62cfe0-03c4-4122-980b-4497674f963a', N'1a51070b-542a-4068-8c1b-f8c2723a126f', N'Lau Pin Jian IC_34ef346c-1f9c-4f22-9073-30919cee1318.pdf', N'File', N'Staff', N'2021-10-25 15:23:41')
INSERT INTO [dbo].[Message] ([MessageGUID], [ChatGUID], [MessageDetail], [MessageType], [UserType], [SendDate]) VALUES (N'd1205943-8cc4-46c3-9207-4bef351a9001', N'1a51070b-542a-4068-8c1b-f8c2723a126f', N'asd<br>', N'Text', N'Staff', N'2021-10-24 15:43:07')
INSERT INTO [dbo].[Message] ([MessageGUID], [ChatGUID], [MessageDetail], [MessageType], [UserType], [SendDate]) VALUES (N'c29fc7ec-be45-4ce9-bcf2-698ca72d6012', N'1a51070b-542a-4068-8c1b-f8c2723a126f', N'Lau Pin Jian - TARUC Academic Transcript (Diploma)_ef51722c-b6e5-4526-afcb-fdd45ae2e024.pdf', N'File', N'Staff', N'2021-10-25 15:28:08')
INSERT INTO [dbo].[Message] ([MessageGUID], [ChatGUID], [MessageDetail], [MessageType], [UserType], [SendDate]) VALUES (N'84b82548-547c-45b2-bd18-8b29f39e0d39', N'1a51070b-542a-4068-8c1b-f8c2723a126f', N'a<br>', N'Text', N'Staff', N'2021-10-24 15:37:20')
INSERT INTO [dbo].[Message] ([MessageGUID], [ChatGUID], [MessageDetail], [MessageType], [UserType], [SendDate]) VALUES (N'ca99766f-e8b6-4a4b-9e35-a1e4ede73918', N'1a51070b-542a-4068-8c1b-f8c2723a126f', N'i m staff<br>', N'Text', N'Staff', N'2021-10-24 15:51:20')
INSERT INTO [dbo].[Message] ([MessageGUID], [ChatGUID], [MessageDetail], [MessageType], [UserType], [SendDate]) VALUES (N'b7d03f3f-2668-43fa-8d0b-a8f4e9e8d9f3', N'1a51070b-542a-4068-8c1b-f8c2723a126f', N'Lau Pin Jian IC_bf9d21b5-85dc-4416-b156-c303b40414ea.pdf', N'File', N'Student', N'2021-10-24 14:45:13')
INSERT INTO [dbo].[Message] ([MessageGUID], [ChatGUID], [MessageDetail], [MessageType], [UserType], [SendDate]) VALUES (N'fabc59ef-1b7e-4823-a03d-bd3915e2415c', N'1a51070b-542a-4068-8c1b-f8c2723a126f', N'yes i m student', N'Text', N'Student', N'2021-10-24 15:51:30')
INSERT INTO [dbo].[Message] ([MessageGUID], [ChatGUID], [MessageDetail], [MessageType], [UserType], [SendDate]) VALUES (N'2889375e-c0e6-4338-8bd4-c04c97e8c5b1', N'1a51070b-542a-4068-8c1b-f8c2723a126f', N'a', N'Text', N'Student', N'2021-10-24 15:48:56')
INSERT INTO [dbo].[Message] ([MessageGUID], [ChatGUID], [MessageDetail], [MessageType], [UserType], [SendDate]) VALUES (N'131a047d-c71c-4c0c-93df-df1c7ed58f95', N'1a51070b-542a-4068-8c1b-f8c2723a126f', N'asd', N'Text', N'Student', N'2021-10-24 14:21:12')
INSERT INTO [dbo].[Message] ([MessageGUID], [ChatGUID], [MessageDetail], [MessageType], [UserType], [SendDate]) VALUES (N'879e5ce8-ecae-42cf-bc97-f6e3784fdced', N'1a51070b-542a-4068-8c1b-f8c2723a126f', N'asd', N'Text', N'Student', N'2021-10-24 15:32:57')
INSERT INTO [dbo].[Message] ([MessageGUID], [ChatGUID], [MessageDetail], [MessageType], [UserType], [SendDate]) VALUES (N'1f6ee5bc-8963-4eb6-ace9-fdb1ce15a115', N'1a51070b-542a-4068-8c1b-f8c2723a126f', N'a', N'Text', N'Staff', N'2021-10-24 15:45:24')

INSERT INTO [dbo].[Session] ([SessionGUID], [SessionYear], [SessionMonth]) VALUES (N'aae03e7e-045b-43a1-8a94-194599350ada', 2019, 1)
INSERT INTO [dbo].[Session] ([SessionGUID], [SessionYear], [SessionMonth]) VALUES (N'4b911ed8-916b-42f7-b747-2ec0bb3a4a53', 2018, 5)
INSERT INTO [dbo].[Session] ([SessionGUID], [SessionYear], [SessionMonth]) VALUES (N'8f7decad-e43e-4947-8fcc-471117b1d07a', 2018, 9)
INSERT INTO [dbo].[Session] ([SessionGUID], [SessionYear], [SessionMonth]) VALUES (N'0afce354-fd9d-4cf8-a649-4ed22cdb4855', 2018, 1)
INSERT INTO [dbo].[Session] ([SessionGUID], [SessionYear], [SessionMonth]) VALUES (N'4b45bed0-7615-4190-a71c-55347cbfa0ea', 2020, 9)
INSERT INTO [dbo].[Session] ([SessionGUID], [SessionYear], [SessionMonth]) VALUES (N'ca069eb2-cff7-4ff5-8a71-641ac90ee728', 2022, 9)
INSERT INTO [dbo].[Session] ([SessionGUID], [SessionYear], [SessionMonth]) VALUES (N'd2938bc4-d11d-4fd7-acaa-674e01281cf7', 2016, 1)
INSERT INTO [dbo].[Session] ([SessionGUID], [SessionYear], [SessionMonth]) VALUES (N'431b8d90-ddf2-4e8b-b13f-7d0ddd6bc966', 2020, 1)
INSERT INTO [dbo].[Session] ([SessionGUID], [SessionYear], [SessionMonth]) VALUES (N'99e68b1d-9151-4209-ac96-844cc4168dc0', 2021, 9)
INSERT INTO [dbo].[Session] ([SessionGUID], [SessionYear], [SessionMonth]) VALUES (N'dbe19259-5228-47ee-8cde-86344f5d1f74', 2021, 1)
INSERT INTO [dbo].[Session] ([SessionGUID], [SessionYear], [SessionMonth]) VALUES (N'2564f0a6-6e77-4124-b881-8bc037b99ee0', 2016, 9)
INSERT INTO [dbo].[Session] ([SessionGUID], [SessionYear], [SessionMonth]) VALUES (N'c5909910-f820-47f7-9d07-97e346816942', 2016, 5)
INSERT INTO [dbo].[Session] ([SessionGUID], [SessionYear], [SessionMonth]) VALUES (N'fd3e8064-0223-4a43-8265-a140ef6b5bab', 2017, 9)
INSERT INTO [dbo].[Session] ([SessionGUID], [SessionYear], [SessionMonth]) VALUES (N'e53caa83-4573-4dc1-bea7-c7c01a4b2e3a', 2022, 5)
INSERT INTO [dbo].[Session] ([SessionGUID], [SessionYear], [SessionMonth]) VALUES (N'dd26db64-caa1-4edd-b12b-d2b2713471ce', 2019, 5)
INSERT INTO [dbo].[Session] ([SessionGUID], [SessionYear], [SessionMonth]) VALUES (N'b74961ab-5fcd-4dba-a069-eab969745f18', 2021, 5)
INSERT INTO [dbo].[Session] ([SessionGUID], [SessionYear], [SessionMonth]) VALUES (N'bfe76c55-3c7c-41b3-9d40-f119bd60b4f2', 2017, 1)
INSERT INTO [dbo].[Session] ([SessionGUID], [SessionYear], [SessionMonth]) VALUES (N'5da74545-0324-4006-9198-f1a23c26cdd2', 2020, 5)
INSERT INTO [dbo].[Session] ([SessionGUID], [SessionYear], [SessionMonth]) VALUES (N'7c0f5120-729e-4183-90c7-f29aa0fef73a', 2017, 5)
INSERT INTO [dbo].[Session] ([SessionGUID], [SessionYear], [SessionMonth]) VALUES (N'0e7b8941-28d2-4fe0-ae46-f364a84fc455', 2019, 9)
INSERT INTO [dbo].[Session] ([SessionGUID], [SessionYear], [SessionMonth]) VALUES (N'1f9dc3a7-c11c-4737-91f4-fa4848fa4f14', 2022, 1)

INSERT INTO [dbo].[Semester] ([SemesterGUID], [SemesterYear], [SemesterSem], [SemesterType]) VALUES (N'ea921479-7281-4558-b3e4-14ebec20651c', N'2', N'3', N'Long')
INSERT INTO [dbo].[Semester] ([SemesterGUID], [SemesterYear], [SemesterSem], [SemesterType]) VALUES (N'b199ac9f-bcea-4f89-80bc-178e43176da3', N'6', N'6', N'Long')
INSERT INTO [dbo].[Semester] ([SemesterGUID], [SemesterYear], [SemesterSem], [SemesterType]) VALUES (N'c8b0d22e-cf77-432b-82da-30a6d1756852', N'1', N'2', N'Short')
INSERT INTO [dbo].[Semester] ([SemesterGUID], [SemesterYear], [SemesterSem], [SemesterType]) VALUES (N'f8a8fc26-c7ba-498c-b195-4b80cf7d0f54', N'1', N'1', N'Long')
INSERT INTO [dbo].[Semester] ([SemesterGUID], [SemesterYear], [SemesterSem], [SemesterType]) VALUES (N'0e68632c-1f47-46e3-adcf-5bac7af80854', N'3', N'1', N'Long')
INSERT INTO [dbo].[Semester] ([SemesterGUID], [SemesterYear], [SemesterSem], [SemesterType]) VALUES (N'af6588a8-278c-415b-bbe4-7b0ee30ee7a1', N'2', N'2', N'Short')
INSERT INTO [dbo].[Semester] ([SemesterGUID], [SemesterYear], [SemesterSem], [SemesterType]) VALUES (N'efc038b6-6eab-407f-abe5-7d890010c240', N'3', N'2', N'Short')
INSERT INTO [dbo].[Semester] ([SemesterGUID], [SemesterYear], [SemesterSem], [SemesterType]) VALUES (N'9126c0f0-9fab-40e0-84c4-85cb1300993d', N'1', N'3', N'Long')
INSERT INTO [dbo].[Semester] ([SemesterGUID], [SemesterYear], [SemesterSem], [SemesterType]) VALUES (N'3bb21f12-a382-4acc-9aa5-9072d48ecbac', N'5', N'5', N'Long')
INSERT INTO [dbo].[Semester] ([SemesterGUID], [SemesterYear], [SemesterSem], [SemesterType]) VALUES (N'c470dae0-d0ef-49fc-af69-b2988e66a2a2', N'3', N'3', N'Long')
INSERT INTO [dbo].[Semester] ([SemesterGUID], [SemesterYear], [SemesterSem], [SemesterType]) VALUES (N'8b87225a-966c-4a52-8c0c-e776f598424c', N'2', N'1', N'Long')

INSERT INTO GroupStudentList VALUES (NEWID(), 'e1709d30-269e-46f6-aeec-0e94c88a546b', '3525f39d-0dc7-4130-b3c2-0386abcddd00')
INSERT INTO GroupStudentList VALUES (NEWID(), 'e1709d30-269e-46f6-aeec-0e94c88a546b', 'b750662c-1bd0-4cca-b5c1-96f60a791f5d')
INSERT INTO GroupStudentList VALUES (NEWID(), 'e1709d30-269e-46f6-aeec-0e94c88a546b', '8a44dd59-ec36-4d7c-9c5b-4fd064977d3f')
INSERT INTO GroupStudentList VALUES (NEWID(), 'e1709d30-269e-46f6-aeec-0e94c88a546b', '954d43cb-aee7-48d4-b4a3-c692a7e53ed8')

INSERT INTO [dbo].[Student_Programme_Register] ([RegisterGUID], [StudentGUID], [ProgrammeGUID], [SessionGUID], [SemesterGUID], [ProgrammeRegisterDate], [Status], [UploadIcImage], [UploadResult], [UploadMedical]) VALUES (N'b282ddf1-246f-406e-bb59-37985763c048', N'50557d55-5bf0-4f0b-b1b5-f3ce47415127', N'ac6cb816-79b5-4b7d-a049-34910509c551', N'e53caa83-4573-4dc1-bea7-c7c01a4b2e3a', N'c8b0d22e-cf77-432b-82da-30a6d1756852', N'2021-11-04 17:44:42', N'Approved', N'IC_klee gif.gif', N'Result_Profile3.gif', N'Medical_gift-20.gif')
INSERT INTO [dbo].[Student_Programme_Register] ([RegisterGUID], [StudentGUID], [ProgrammeGUID], [SessionGUID], [SemesterGUID], [ProgrammeRegisterDate], [Status], [UploadIcImage], [UploadResult], [UploadMedical]) VALUES (N'4650dd35-7d66-4ea6-83a3-50b6eac039ab', N'db045eed-d2db-45e6-828c-30eeb2b3a46d', N'953802d4-b0af-44c2-ace5-1c82c750dbee', N'e53caa83-4573-4dc1-bea7-c7c01a4b2e3a', N'8b87225a-966c-4a52-8c0c-e776f598424c', N'2021-11-04 17:35:08', N'Approved', N'IC_Like page.PNG', N'Result_RSD2 G6 timetable.PNG', N'Medical_soup.png')
INSERT INTO [dbo].[Student_Programme_Register] ([RegisterGUID], [StudentGUID], [ProgrammeGUID], [SessionGUID], [SemesterGUID], [ProgrammeRegisterDate], [Status], [UploadIcImage], [UploadResult], [UploadMedical]) VALUES (N'59451cc4-3ed9-4b7d-8824-585901e182cf', N'3525f39d-0dc7-4130-b3c2-0386abcddd00', N'69dc85da-59b5-4c86-a2f9-e248373cb68d', N'1f9dc3a7-c11c-4737-91f4-fa4848fa4f14', N'8b87225a-966c-4a52-8c0c-e776f598424c', N'2021-11-04 17:31:42', N'Approved', N'IC_klee gif.gif', N'Result_testing print.pdf', N'Medical_CV_WOON CUI YEN.pdf')
INSERT INTO [dbo].[Student_Programme_Register] ([RegisterGUID], [StudentGUID], [ProgrammeGUID], [SessionGUID], [SemesterGUID], [ProgrammeRegisterDate], [Status], [UploadIcImage], [UploadResult], [UploadMedical]) VALUES (N'4bf23190-e19a-4280-b55c-638f9aeb3020', N'9c52b2b9-972e-4b78-b7ee-9482b5ae5911', N'bd29bb46-0826-498e-b624-1bc9ca5969d5', N'ca069eb2-cff7-4ff5-8a71-641ac90ee728', N'9126c0f0-9fab-40e0-84c4-85cb1300993d', N'2021-11-04 17:46:16', N'Pending', N'IC_dry dark.jpg', N'Result_facebook.png', N'Medical_testing print.pdf')
INSERT INTO [dbo].[Student_Programme_Register] ([RegisterGUID], [StudentGUID], [ProgrammeGUID], [SessionGUID], [SemesterGUID], [ProgrammeRegisterDate], [Status], [UploadIcImage], [UploadResult], [UploadMedical]) VALUES (N'd35418ed-df40-4aef-9527-7bf2ae45ea6f', N'b750662c-1bd0-4cca-b5c1-96f60a791f5d', N'ac6cb816-79b5-4b7d-a049-34910509c551', N'1f9dc3a7-c11c-4737-91f4-fa4848fa4f14', N'8b87225a-966c-4a52-8c0c-e776f598424c', N'2021-11-04 17:32:47', N'Approved', N'IC_IC_Chapter_1_-_Introduction_Marcus_Chuah_Seong_Hwa (1).docx', N'Result_Faculty Student Dialogue (202101).pdf', N'Medical_checkin.PNG')
INSERT INTO [dbo].[Student_Programme_Register] ([RegisterGUID], [StudentGUID], [ProgrammeGUID], [SessionGUID], [SemesterGUID], [ProgrammeRegisterDate], [Status], [UploadIcImage], [UploadResult], [UploadMedical]) VALUES (N'1c7f0636-8114-4c5c-b48d-7c5726d63b2b', N'78a02d6a-b187-4d30-bce0-74289e4b0163', N'2c21b74b-eedc-4f9a-ab88-038f9f65523d', N'1f9dc3a7-c11c-4737-91f4-fa4848fa4f14', N'c8b0d22e-cf77-432b-82da-30a6d1756852', N'2021-11-04 17:30:32', N'Approved', N'IC_80f83525d8d38ec7e6236755e0ed6907.png', N'Result_dry.jpg', N'Medical_dumpling.PNG')
INSERT INTO [dbo].[Student_Programme_Register] ([RegisterGUID], [StudentGUID], [ProgrammeGUID], [SessionGUID], [SemesterGUID], [ProgrammeRegisterDate], [Status], [UploadIcImage], [UploadResult], [UploadMedical]) VALUES (N'71e81559-acd1-4e1a-8e71-7d047a5f776e', N'4305168e-ceed-4dd3-86d1-2c8831025549', N'953802d4-b0af-44c2-ace5-1c82c750dbee', N'e53caa83-4573-4dc1-bea7-c7c01a4b2e3a', N'c8b0d22e-cf77-432b-82da-30a6d1756852', N'2021-11-04 17:36:29', N'Pending', N'IC_kitten.jpg', N'Result_gift_box.webp', N'Medical_mona.jfif')
INSERT INTO [dbo].[Student_Programme_Register] ([RegisterGUID], [StudentGUID], [ProgrammeGUID], [SessionGUID], [SemesterGUID], [ProgrammeRegisterDate], [Status], [UploadIcImage], [UploadResult], [UploadMedical]) VALUES (N'93af4337-5a3f-4721-bc3e-864c60754c95', N'ff3c11d8-ac22-47b7-8421-58b1d5511769', N'953802d4-b0af-44c2-ace5-1c82c750dbee', N'e53caa83-4573-4dc1-bea7-c7c01a4b2e3a', N'ea921479-7281-4558-b3e4-14ebec20651c', N'2021-11-04 17:37:03', N'Pending', N'IC_Profile2.jpg', N'Result_Profile1.jpg', N'Medical_Profile1.jfif')
INSERT INTO [dbo].[Student_Programme_Register] ([RegisterGUID], [StudentGUID], [ProgrammeGUID], [SessionGUID], [SemesterGUID], [ProgrammeRegisterDate], [Status], [UploadIcImage], [UploadResult], [UploadMedical]) VALUES (N'f10c5896-3021-41c1-9b2e-a239fc86c42e', N'50557d55-5bf0-4f0b-b1b5-f3ce47415127', N'9f8c939a-b5fa-4af0-aadb-335c6bc39ff3', N'1f9dc3a7-c11c-4737-91f4-fa4848fa4f14', N'9126c0f0-9fab-40e0-84c4-85cb1300993d', N'2021-11-13 00:25:45', N'Approved', N'IC_3.19 PM WOON CUI YEN.pdf', N'Result_3.19 PM WOON CUI YEN.docx', N'Medical_3.13 pm LAU PIN JIAN.docx')
INSERT INTO [dbo].[Student_Programme_Register] ([RegisterGUID], [StudentGUID], [ProgrammeGUID], [SessionGUID], [SemesterGUID], [ProgrammeRegisterDate], [Status], [UploadIcImage], [UploadResult], [UploadMedical]) VALUES (N'e2409e21-cc63-457b-9903-bf115257752a', N'954d43cb-aee7-48d4-b4a3-c692a7e53ed8', N'393fe13c-17d6-4c71-a46c-dfeec863016f', N'1f9dc3a7-c11c-4737-91f4-fa4848fa4f14', N'8b87225a-966c-4a52-8c0c-e776f598424c', N'2021-11-04 17:32:14', N'Pending', N'IC_WOON CUI YEN - Degree Transcript.pdf', N'Result_WRSD23.pdf', N'Medical_Medical_DSA LECTURE INDEX.txt')
INSERT INTO [dbo].[Student_Programme_Register] ([RegisterGUID], [StudentGUID], [ProgrammeGUID], [SessionGUID], [SemesterGUID], [ProgrammeRegisterDate], [Status], [UploadIcImage], [UploadResult], [UploadMedical]) VALUES (N'331f19fb-c9e3-4ae2-9960-d199bf9464ba', N'4502ee95-9987-46b5-a006-e85044d26d6e', N'bd29bb46-0826-498e-b624-1bc9ca5969d5', N'1f9dc3a7-c11c-4737-91f4-fa4848fa4f14', N'9126c0f0-9fab-40e0-84c4-85cb1300993d', N'2021-11-04 17:42:59', N'Pending', N'IC_princesslseep.png', N'Result_ports.PNG', N'Medical_soup.png')
INSERT INTO [dbo].[Student_Programme_Register] ([RegisterGUID], [StudentGUID], [ProgrammeGUID], [SessionGUID], [SemesterGUID], [ProgrammeRegisterDate], [Status], [UploadIcImage], [UploadResult], [UploadMedical]) VALUES (N'db69f51c-4cf5-4d5f-b6fb-fae2ac90502e', N'b40794e9-196b-4a48-9baf-697f5df9adcf', N'953802d4-b0af-44c2-ace5-1c82c750dbee', N'e53caa83-4573-4dc1-bea7-c7c01a4b2e3a', N'ea921479-7281-4558-b3e4-14ebec20651c', N'2021-11-04 17:37:34', N'Pending', N'IC_BARBARA.png', N'Result_bear bear.png', N'Medical_80f83525d8d38ec7e6236755e0ed6907.png')
