INSERT INTO [dbo].[Branches] ([BranchesGUID], [BranchesName], [BranchesAddress], [BranchesEmail], [BranchesTel]) VALUES (N'c44f8b97-b8f9-44e1-94ab-b21d4518cb29', N'KUALA LUMPUR MAIN CAMPUS', N'Jalan Genting Kelang, Setapak,
53300 Kuala Lumpur,
P.O. Box 10979, 50932 Kuala Lumpur, Malaysia.', N'info_krousex@gmail.com', N'60123456789')

INSERT INTO [dbo].[Faculty] ([FacultyGUID], [FacultyAbbrv], [FacultyName], [FacultyDesc]) VALUES (N'c913ca56-1809-4792-b5e7-f3f2b0eebd9c', N'FOCS', N'Faculty of Computer Science ', N'Lorem ipsum dolor sit amet, consectetur adipiscing elit. Phasellus vulputate sed sem vel dapibus. Vestibulum blandit venenatis justo, vitae interdum.')

INSERT INTO [dbo].[Student] ([StudentGUID], [StudentUsername], [StudentPassword], [StudentFullName], [Gender], [DOB], [PhoneNumber], [Email], [NRIC], [Address], [ProfileImage], [YearIntake], [AccountRegisterDate], [LastUpdateInfo], [BranchesGUID], [FacultyGUID]) VALUES (N'8a44dd59-ec36-4d7c-9c5b-4fd064977d3f', N'jerry', N'pojZ9nX5yNS4CWglJ+xm8QsfdByCIsa4ppKY4NS48Fo=', N'lau', N'male', N'2013-08-09', N'01126085655', N'krystywoon25@gmail.com', N'001225-14-0368', N'70-B Jalan Berhala Brickfields', N'ProfileImg_b2d4a114-910d-4d8d-8532-e22e8b4c6448.jpg', N'2021', N'2021-10-13 22:20:06', N'2021-10-20 01:10:55', N'c44f8b97-b8f9-44e1-94ab-b21d4518cb29', N'c913ca56-1809-4792-b5e7-f3f2b0eebd9c')
INSERT INTO [dbo].[Student] ([StudentGUID], [StudentUsername], [StudentPassword], [StudentFullName], [Gender], [DOB], [PhoneNumber], [Email], [NRIC], [Address], [ProfileImage], [YearIntake], [AccountRegisterDate], [LastUpdateInfo], [BranchesGUID], [FacultyGUID]) VALUES (N'b750662c-1bd0-4cca-b5c1-96f60a791f5d', N'krysty12', N'4sp9Jeo2I9tv7+GBJIXCMQ==', N'woon', N'female', N'2001-12-03', N'01126085647', N'krysty25@gmail.com', N'001225-14-0394', N'Jalan Intan Baiduri 4', N'Profile3.jpg', N'2021', N'2021-10-14 17:53:07', NULL, N'c44f8b97-b8f9-44e1-94ab-b21d4518cb29', N'c913ca56-1809-4792-b5e7-f3f2b0eebd9c')

INSERT INTO [dbo].[Staff] ([StaffGUID], [StaffUsername], [StaffPassword], [StaffFullName], [Gender], [StaffRole], [StaffPositiion], [StaffStatus], [PhoneNumber], [Email], [NRIC], [ProfileImage], [LastUpdateInfo], [Specialization], [BranchesGUID], [FacultyGUID]) VALUES (N'cdef4d65-44e1-4737-8da8-9d1b83edba9f', N'jerry5678', N'pojZ9nX5yNS4CWglJ+xm8QsfdByCIsa4ppKY4NS48Fo=', N'Jerry Lau', N'Male', N'Academic Staff', N'Senior Lecture', N'Active', N'0123456789', N'jerrylau0725@gmail.com', N'000725-10-0739', N'Profile1.jpg', NULL, N'Computer Science', N'c44f8b97-b8f9-44e1-94ab-b21d4518cb29', N'c913ca56-1809-4792-b5e7-f3f2b0eebd9c')
INSERT INTO [dbo].[Staff] ([StaffGUID], [StaffUsername], [StaffPassword], [StaffFullName], [Gender], [StaffRole], [StaffPositiion], [StaffStatus], [PhoneNumber], [Email], [NRIC], [ProfileImage], [LastUpdateInfo], [Specialization], [BranchesGUID], [FacultyGUID]) VALUES (N'57bef58f-3b49-4c13-95b4-f53f8974cf1f', N'jerry1234', N'dq+YNuNesVRYSlGsF8xMfQ==', N'Jerry Lau', N'Male', N'Academic Staff', N'Tutor', N'Active', N'0123366768', N'kitty0725gaming@gmail.com', N'000725-10-0739', N'ProfileImg_65e39935-a0f6-49e5-be90-c8c6f9fb56f8.png', N'2021-10-20 14:07:31', N'Computer Science', N'c44f8b97-b8f9-44e1-94ab-b21d4518cb29', N'c913ca56-1809-4792-b5e7-f3f2b0eebd9c')

INSERT INTO [dbo].[Forum] ([ForumGUID], [ForumTopic], [ForumDesc], [ForumCategory], [ForumStatus], [ForumType], [ForumCreatedBy], [ForumCreatedDate], [ForumLastUpdatedBy], [ForumLastUpdatedDate]) VALUES (N'8b676194-ee8a-4723-98e8-1be6f37327a4', N'General Discussion', N'Discuss School Related', N'General', N'Active', N'Public', N'jerry1234', N'2021-10-18 17:17:57', N'jerry1234', N'2021-10-18 17:17:57')
INSERT INTO [dbo].[Forum] ([ForumGUID], [ForumTopic], [ForumDesc], [ForumCategory], [ForumStatus], [ForumType], [ForumCreatedBy], [ForumCreatedDate], [ForumLastUpdatedBy], [ForumLastUpdatedDate]) VALUES (N'd73d596c-5900-4842-a216-65dedd220f41', N'Announcements ', N'Announcements from school management team', N'Announcements', N'Active', N'Public', N'jerry1234', N'2021-10-20 12:30:52', N'jerry1234', N'2021-10-20 12:30:52')

INSERT INTO [dbo].[Discussion] ([DiscGUID], [ForumGUID], [DiscTopic], [DiscDesc], [DiscContent], [DiscStatus], [DiscIsPinned], [DiscIsLocked], [DiscCreatedBy], [DiscCreatedDate], [DiscLastUpdatedBy], [DiscLastUpdatedDate]) VALUES (N'8bfccfbf-863b-4e09-83c4-76e4ad2d0e96', N'8b676194-ee8a-4723-98e8-1be6f37327a4', N'Test 4', N'Test 4', N'Test 4', N'Active', N'No', N'No',N'jerry', N'2021-10-20 19:44:20', N'jerry', N'2021-10-20 19:44:20')
INSERT INTO [dbo].[Discussion] ([DiscGUID], [ForumGUID], [DiscTopic], [DiscDesc], [DiscContent], [DiscStatus], [DiscIsPinned], [DiscIsLocked], [DiscCreatedBy], [DiscCreatedDate], [DiscLastUpdatedBy], [DiscLastUpdatedDate]) VALUES (N'b3063419-2f0c-4709-bcf5-81d3aaf11d98', N'8b676194-ee8a-4723-98e8-1be6f37327a4', N'Test 5', N'Test 5', N'Test 5', N'Active', N'No', N'No',N'jerry5678', N'2021-10-20 20:37:24', N'jerry5678', N'2021-10-20 20:37:24')
INSERT INTO [dbo].[Discussion] ([DiscGUID], [ForumGUID], [DiscTopic], [DiscDesc], [DiscContent], [DiscStatus], [DiscIsPinned], [DiscIsLocked], [DiscCreatedBy], [DiscCreatedDate], [DiscLastUpdatedBy], [DiscLastUpdatedDate]) VALUES (N'57bef58f-3b49-4c13-95b4-f53f8974cc1d', N'8b676194-ee8a-4723-98e8-1be6f37327a4', N'Test', N'Test', N'Test', N'Inactive', N'No', N'No',N'jerry1234', N'2021-10-18 17:17:58', N'jerry1234', N'2021-10-18 17:17:57')
INSERT INTO [dbo].[Discussion] ([DiscGUID], [ForumGUID], [DiscTopic], [DiscDesc], [DiscContent], [DiscStatus], [DiscIsPinned], [DiscIsLocked], [DiscCreatedBy], [DiscCreatedDate], [DiscLastUpdatedBy], [DiscLastUpdatedDate]) VALUES (N'57bef56f-3b49-4c13-95b4-f53f8974cf1d', N'd73d596c-5900-4842-a216-65dedd220f41', N'Test', N'Test', N'Test', N'Active', N'Yes', N'Yes',N'jerry1234', N'2021-10-18 17:17:59', N'jerry1234', N'2021-10-18 17:17:57')
INSERT INTO [dbo].[Discussion] ([DiscGUID], [ForumGUID], [DiscTopic], [DiscDesc], [DiscContent], [DiscStatus], [DiscIsPinned], [DiscIsLocked], [DiscCreatedBy], [DiscCreatedDate], [DiscLastUpdatedBy], [DiscLastUpdatedDate]) VALUES (N'57bef58f-3b49-4c13-95b4-f53f8974cf1d', N'8b676194-ee8a-4723-98e8-1be6f37327a4', N'Test', N'Test', N'This is a discussion content', N'Active', N'Yes', N'Yes',N'jerry1234', N'2021-10-18 17:17:55', N'jerry1234', N'2021-10-18 17:17:57')
INSERT INTO [dbo].[Discussion] ([DiscGUID], [ForumGUID], [DiscTopic], [DiscDesc], [DiscContent], [DiscStatus], [DiscIsPinned], [DiscIsLocked], [DiscCreatedBy], [DiscCreatedDate], [DiscLastUpdatedBy], [DiscLastUpdatedDate]) VALUES (N'ce20338a-ccb9-4803-b3d3-ff59cf27a3fc', N'd73d596c-5900-4842-a216-65dedd220f41', N'Test 3', N'Test 3', N'Test 3', N'Active', N'No', N'No',N'jerry1234', N'2021-10-20 18:17:14', N'jerry1234', N'2021-10-20 18:17:14')

INSERT INTO [dbo].[Replies] ([ReplyGUID], [DiscGUID], [ReplyContent], [ReplyDate], [ReplyBy]) VALUES (N'eecd1ef6-57a8-4cb0-b405-14443f87a4d9', N'57bef58f-3b49-4c13-95b4-f53f8974cf1d', N'test 1', N'2021-10-19 22:12:23', N'jerry1234')
INSERT INTO [dbo].[Replies] ([ReplyGUID], [DiscGUID], [ReplyContent], [ReplyDate], [ReplyBy]) VALUES (N'6771fb51-b1b0-486a-8f7c-4e90a4a450eb', N'ce20338a-ccb9-4803-b3d3-ff59cf27a3fc', N'Lets Go', N'2021-10-20 18:21:38', N'jerry')
INSERT INTO [dbo].[Replies] ([ReplyGUID], [DiscGUID], [ReplyContent], [ReplyDate], [ReplyBy]) VALUES (N'c4fdbf48-f8b8-45c3-bf65-dcb8cfef2b61', N'57bef58f-3b49-4c13-95b4-f53f8974cf1d', N'asd', N'2021-10-19 22:20:29', N'jerry')
INSERT INTO [dbo].[Replies] ([ReplyGUID], [DiscGUID], [ReplyContent], [ReplyDate], [ReplyBy]) VALUES (N'39da2ba7-470f-4f63-891d-f475c5ee41d6', N'ce20338a-ccb9-4803-b3d3-ff59cf27a3fc', N'Lets go', N'2021-10-20 18:21:08', N'jerry1234')
INSERT INTO [dbo].[Replies] ([ReplyGUID], [DiscGUID], [ReplyContent], [ReplyDate], [ReplyBy]) VALUES (N'57bef58f-3b49-4c13-95b4-f53f8974cf2d', N'57bef58f-3b49-4c13-95b4-f53f8974cf1d', N'Rpely 1', N'2021-10-18 17:17:57', N'jerry1234')
INSERT INTO [dbo].[Replies] ([ReplyGUID], [DiscGUID], [ReplyContent], [ReplyDate], [ReplyBy]) VALUES (N'57bef58f-3b49-4c13-95b4-f53f8974cf3d', N'57bef58f-3b49-4c13-95b4-f53f8974cf1d', N'Reply 2', N'2021-10-18 17:17:58', N'jerry1234')
INSERT INTO [dbo].[Replies] ([ReplyGUID], [DiscGUID], [ReplyContent], [ReplyDate], [ReplyBy]) VALUES (N'57bef58f-3b49-4c13-95b4-f53f8974cf4d', N'57bef58f-3b49-4c13-95b4-f53f8974cf1d', N'Reply 3', N'2021-10-18 17:17:59', N'jerry1234')
INSERT INTO [dbo].[Replies] ([ReplyGUID], [DiscGUID], [ReplyContent], [ReplyDate], [ReplyBy]) VALUES (N'57bef58f-3b49-4c13-95b4-f53f8974cf5d', N'57bef58f-3b49-4c13-95b4-f53f8974cc1d', N'Test', N'2021-10-19 18:17:59', N'jerry1234')

INSERT INTO [dbo].[Programme] ([ProgrammeGUID], [ProgrammeAbbrv], [ProgrammeName], [ProgrammeDesc], [ProgrammeDuration], [ProgrammeCategory], [ProgrammeFullorPart], [FacultyGUID]) VALUES (N'2c21b74b-eedc-4f9a-ab88-038f9f65523d', N'REI', N'Bachelor of Information Systems (Honours) in Enterprise Information Systems', N'Bachelor programme that is related to Enterprise Information Systems', N'3', N'Bachelor Degree', N'Full Time', N'c913ca56-1809-4792-b5e7-f3f2b0eebd9c')
INSERT INTO [dbo].[Programme] ([ProgrammeGUID], [ProgrammeAbbrv], [ProgrammeName], [ProgrammeDesc], [ProgrammeDuration], [ProgrammeCategory], [ProgrammeFullorPart], [FacultyGUID]) VALUES (N'9c1f0c06-6cde-42c9-abb1-1a7b6e24ddb8', N'JLP1', N'jerry lau1', N'ben dan jerry', N'1', N'Diploma', N'Full Time', N'70b874bf-786d-4066-8c11-3536695c69ed')
INSERT INTO [dbo].[Programme] ([ProgrammeGUID], [ProgrammeAbbrv], [ProgrammeName], [ProgrammeDesc], [ProgrammeDuration], [ProgrammeCategory], [ProgrammeFullorPart], [FacultyGUID]) VALUES (N'bd29bb46-0826-498e-b624-1bc9ca5969d5', N'DPIT', N'Doctor of Philosophy (Information Technology) ', N'Provide further studies for Doctor Philosophy in Information Technology which equipped high thinking skills.', N'3', N'Doctor of Philosophy', N'Full Time', N'c913ca56-1809-4792-b5e7-f3f2b0eebd9c')
INSERT INTO [dbo].[Programme] ([ProgrammeGUID], [ProgrammeAbbrv], [ProgrammeName], [ProgrammeDesc], [ProgrammeDuration], [ProgrammeCategory], [ProgrammeFullorPart], [FacultyGUID]) VALUES (N'953802d4-b0af-44c2-ace5-1c82c750dbee', N'DIS', N'Diploma in Information Systems', N'Information System programme', N'2', N'Diploma', N'Full Time', N'c913ca56-1809-4792-b5e7-f3f2b0eebd9c')
INSERT INTO [dbo].[Programme] ([ProgrammeGUID], [ProgrammeAbbrv], [ProgrammeName], [ProgrammeDesc], [ProgrammeDuration], [ProgrammeCategory], [ProgrammeFullorPart], [FacultyGUID]) VALUES (N'2a328498-7fd2-4a03-85f7-204d3009def1', N'FAC', N'Foundation in Accounting', N'Foundation study in Accounting', N'1', N'Foundation', N'Full Time', N'70b874bf-786d-4066-8c11-3536695c69ed')
INSERT INTO [dbo].[Programme] ([ProgrammeGUID], [ProgrammeAbbrv], [ProgrammeName], [ProgrammeDesc], [ProgrammeDuration], [ProgrammeCategory], [ProgrammeFullorPart], [FacultyGUID]) VALUES (N'faa5422b-b2b2-4dbc-ac24-25de115d75af', N'RSFT', N'Bachelor of Computer Science (Honours) in Software Engineering testing', N'testing validation', N'2', N'Bachelor Degree', N'Full Time', N'70b874bf-786d-4066-8c11-3536695c69ed')
INSERT INTO [dbo].[Programme] ([ProgrammeGUID], [ProgrammeAbbrv], [ProgrammeName], [ProgrammeDesc], [ProgrammeDuration], [ProgrammeCategory], [ProgrammeFullorPart], [FacultyGUID]) VALUES (N'f6ac8b7a-ca7f-43f5-b3b7-326e59f6f9f1', N'FSC', N'Foundation in Science', N'Foundation study in Science which covers science-based courses', N'1', N'Foundation', N'Full Time', N'01e14dbc-9ca3-46f7-8ea0-0b0b3ceddc53')
INSERT INTO [dbo].[Programme] ([ProgrammeGUID], [ProgrammeAbbrv], [ProgrammeName], [ProgrammeDesc], [ProgrammeDuration], [ProgrammeCategory], [ProgrammeFullorPart], [FacultyGUID]) VALUES (N'9f8c939a-b5fa-4af0-aadb-335c6bc39ff3', N'DPIT', N'Doctor of Philosophy (Information Technology) ', N'doctors of philosophy in Information Technology', N'4', N'Doctor of Philosophy', N'Part Time', N'c913ca56-1809-4792-b5e7-f3f2b0eebd9c')
INSERT INTO [dbo].[Programme] ([ProgrammeGUID], [ProgrammeAbbrv], [ProgrammeName], [ProgrammeDesc], [ProgrammeDuration], [ProgrammeCategory], [ProgrammeFullorPart], [FacultyGUID]) VALUES (N'ac6cb816-79b5-4b7d-a049-34910509c551', N'RMM', N'Bachelor of Science (Honours) in Management Mathematics with Computing', N'Management Mathematics with Computing programme that offered to Bachelor Degree student', N'3', N'Bachelor Degree', N'Full Time', N'c913ca56-1809-4792-b5e7-f3f2b0eebd9c')
INSERT INTO [dbo].[Programme] ([ProgrammeGUID], [ProgrammeAbbrv], [ProgrammeName], [ProgrammeDesc], [ProgrammeDuration], [ProgrammeCategory], [ProgrammeFullorPart], [FacultyGUID]) VALUES (N'7910a8f4-f58e-48df-bcfd-3518a340cd5f', N'DHT', N'Diploma in Hotel Management (DHT)', N'Hotel Management', N'2', N'Diploma', N'Full Time', N'9180e4f4-4e85-4e8d-bb7c-5dff010da268')
INSERT INTO [dbo].[Programme] ([ProgrammeGUID], [ProgrammeAbbrv], [ProgrammeName], [ProgrammeDesc], [ProgrammeDuration], [ProgrammeCategory], [ProgrammeFullorPart], [FacultyGUID]) VALUES (N'35065b0a-d5a1-46f3-93c3-439e9c86c29a', N'DFS', N'Diploma in Food Science', N'Programme that covers the knowledge such as chemistry, microbiology, basic food science, food technology and so on. ', N'2', N'Diploma', N'Full Time', N'01e14dbc-9ca3-46f7-8ea0-0b0b3ceddc53')
INSERT INTO [dbo].[Programme] ([ProgrammeGUID], [ProgrammeAbbrv], [ProgrammeName], [ProgrammeDesc], [ProgrammeDuration], [ProgrammeCategory], [ProgrammeFullorPart], [FacultyGUID]) VALUES (N'316d2631-caf5-40b5-9b5f-44d321cf2d9f', N'DIT', N'Diploma in Information Technology', N'Information technology programme. This programme will covered C language, Assembly language, HTML5, CSS and so on.', N'2', N'Diploma', N'Full Time', N'c913ca56-1809-4792-b5e7-f3f2b0eebd9c')
INSERT INTO [dbo].[Programme] ([ProgrammeGUID], [ProgrammeAbbrv], [ProgrammeName], [ProgrammeDesc], [ProgrammeDuration], [ProgrammeCategory], [ProgrammeFullorPart], [FacultyGUID]) VALUES (N'd35e559d-800f-42ee-bf34-459518695eb3', N'NBV', N'testing5', N'nbv', N'2', N'Foundation', N'Full Time', N'70b874bf-786d-4066-8c11-3536695c69ed')
INSERT INTO [dbo].[Programme] ([ProgrammeGUID], [ProgrammeAbbrv], [ProgrammeName], [ProgrammeDesc], [ProgrammeDuration], [ProgrammeCategory], [ProgrammeFullorPart], [FacultyGUID]) VALUES (N'abbc8e25-d9b3-4a1b-b3d5-4ef626bdadd9', N'MCS', N'Master of Computer Science', N'master of computer science - part time', N'3', N'Master', N'Part Time', N'c913ca56-1809-4792-b5e7-f3f2b0eebd9c')
INSERT INTO [dbo].[Programme] ([ProgrammeGUID], [ProgrammeAbbrv], [ProgrammeName], [ProgrammeDesc], [ProgrammeDuration], [ProgrammeCategory], [ProgrammeFullorPart], [FacultyGUID]) VALUES (N'28630e63-31c2-4418-9297-5d389cc62f0f', N'RSD', N'Bachelor of Information Technology (Honours) in Software System Development', N'It''s a Bachelor Degree programme that covered different course such as Web Application Development and so on.', N'3', N'Bachelor Degree', N'Full Time', N'c913ca56-1809-4792-b5e7-f3f2b0eebd9c')
INSERT INTO [dbo].[Programme] ([ProgrammeGUID], [ProgrammeAbbrv], [ProgrammeName], [ProgrammeDesc], [ProgrammeDuration], [ProgrammeCategory], [ProgrammeFullorPart], [FacultyGUID]) VALUES (N'3beebb5a-5c92-4b06-8393-5e37d7dc26ba', N'RSF', N'Bachelor of Computer Science (Honours) in Software Engineering', N'Software Engineering programme ', N'3', N'Bachelor Degree', N'Full Time', N'c913ca56-1809-4792-b5e7-f3f2b0eebd9c')
INSERT INTO [dbo].[Programme] ([ProgrammeGUID], [ProgrammeAbbrv], [ProgrammeName], [ProgrammeDesc], [ProgrammeDuration], [ProgrammeCategory], [ProgrammeFullorPart], [FacultyGUID]) VALUES (N'41f8187c-6a92-47b5-9321-713de4b4fe11', N'MCS', N'Master of Computer Science', N'Master of computer science programme', N'2', N'Master', N'Full Time', N'c913ca56-1809-4792-b5e7-f3f2b0eebd9c')
INSERT INTO [dbo].[Programme] ([ProgrammeGUID], [ProgrammeAbbrv], [ProgrammeName], [ProgrammeDesc], [ProgrammeDuration], [ProgrammeCategory], [ProgrammeFullorPart], [FacultyGUID]) VALUES (N'e0c7357a-fd49-46c6-8357-83d2429fc4dd', N'DBF', N'Diploma in Banking and Finance', N'Banking and Finance programme for diploma student', N'2', N'Diploma', N'Full Time', N'70b874bf-786d-4066-8c11-3536695c69ed')
INSERT INTO [dbo].[Programme] ([ProgrammeGUID], [ProgrammeAbbrv], [ProgrammeName], [ProgrammeDesc], [ProgrammeDuration], [ProgrammeCategory], [ProgrammeFullorPart], [FacultyGUID]) VALUES (N'3e0e6f65-5a11-4a54-8d20-96080a10b64b', N'RCA', N'Bachelor of Corporate Administration (Honours)  ', N'Corporate Administration Programme', N'3', N'Bachelor Degree', N'Full Time', N'70b874bf-786d-4066-8c11-3536695c69ed')
INSERT INTO [dbo].[Programme] ([ProgrammeGUID], [ProgrammeAbbrv], [ProgrammeName], [ProgrammeDesc], [ProgrammeDuration], [ProgrammeCategory], [ProgrammeFullorPart], [FacultyGUID]) VALUES (N'9058a9d1-2112-4630-a503-96d97829e75a', N'DPFS', N'Doctor of Philosophy (Food Science)', N'Further study of Doctor philosophy in Food Science', N'3', N'Doctor of Philosophy', N'Full Time', N'01e14dbc-9ca3-46f7-8ea0-0b0b3ceddc53')
INSERT INTO [dbo].[Programme] ([ProgrammeGUID], [ProgrammeAbbrv], [ProgrammeName], [ProgrammeDesc], [ProgrammeDuration], [ProgrammeCategory], [ProgrammeFullorPart], [FacultyGUID]) VALUES (N'41a191a8-3d5d-487c-bb8c-9ef50012a99c', N'IUY', N'TESTING', N'FDGFGD', N'2', N'Foundation', N'Full Time', N'70b874bf-786d-4066-8c11-3536695c69ed')
INSERT INTO [dbo].[Programme] ([ProgrammeGUID], [ProgrammeAbbrv], [ProgrammeName], [ProgrammeDesc], [ProgrammeDuration], [ProgrammeCategory], [ProgrammeFullorPart], [FacultyGUID]) VALUES (N'73ec8778-4081-4ef8-a0b1-a07fce4294d6', N'DSE', N'Diploma in Software Engineering', N'Software Engineering (Diploma)', N'2', N'Diploma', N'Full Time', N'c913ca56-1809-4792-b5e7-f3f2b0eebd9c')
INSERT INTO [dbo].[Programme] ([ProgrammeGUID], [ProgrammeAbbrv], [ProgrammeName], [ProgrammeDesc], [ProgrammeDuration], [ProgrammeCategory], [ProgrammeFullorPart], [FacultyGUID]) VALUES (N'3ab9cf83-d71b-41df-b9ea-aa269b55fff9', N'DPMS', N'Doctor of Philosophy (Mathematical Sciences)', N'Further studies of Doctor Philosophy in Mathematical Sciences', N'3', N'Doctor of Philosophy', N'Full Time', N'c913ca56-1809-4792-b5e7-f3f2b0eebd9c')
INSERT INTO [dbo].[Programme] ([ProgrammeGUID], [ProgrammeAbbrv], [ProgrammeName], [ProgrammeDesc], [ProgrammeDuration], [ProgrammeCategory], [ProgrammeFullorPart], [FacultyGUID]) VALUES (N'5a4fccb7-6059-426d-a24c-c7ec07227754', N'LPJ', N'lau pin jian', N'chou bao bao', N'2', N'Bachelor Degree', N'Full Time', N'70b874bf-786d-4066-8c11-3536695c69ed')
INSERT INTO [dbo].[Programme] ([ProgrammeGUID], [ProgrammeAbbrv], [ProgrammeName], [ProgrammeDesc], [ProgrammeDuration], [ProgrammeCategory], [ProgrammeFullorPart], [FacultyGUID]) VALUES (N'42653863-c594-4d68-b64a-cee41f7c9dd6', N'DPFS', N'Doctor of Philosophy (Food Science)', N'Food Science - Part Time - 4 years - Doctor of Philosophy', N'4', N'Doctor of Philosophy', N'Part Time', N'01e14dbc-9ca3-46f7-8ea0-0b0b3ceddc53')
INSERT INTO [dbo].[Programme] ([ProgrammeGUID], [ProgrammeAbbrv], [ProgrammeName], [ProgrammeDesc], [ProgrammeDuration], [ProgrammeCategory], [ProgrammeFullorPart], [FacultyGUID]) VALUES (N'e8fb42c1-a4ed-4f0d-862a-d0c4ef2eea63', N'MFS', N'Master of Science (Food Science)', N'master of food science - part time', N'3', N'Master', N'Part Time', N'01e14dbc-9ca3-46f7-8ea0-0b0b3ceddc53')
INSERT INTO [dbo].[Programme] ([ProgrammeGUID], [ProgrammeAbbrv], [ProgrammeName], [ProgrammeDesc], [ProgrammeDuration], [ProgrammeCategory], [ProgrammeFullorPart], [FacultyGUID]) VALUES (N'7d3ca129-b13b-4b66-baa5-d96f5deeafd3', N'MFS', N'Master of Science (Food Science)', N'master of food science - full time', N'2', N'Master', N'Full Time', N'01e14dbc-9ca3-46f7-8ea0-0b0b3ceddc53')
INSERT INTO [dbo].[Programme] ([ProgrammeGUID], [ProgrammeAbbrv], [ProgrammeName], [ProgrammeDesc], [ProgrammeDuration], [ProgrammeCategory], [ProgrammeFullorPart], [FacultyGUID]) VALUES (N'032a0c91-d0db-4b99-a966-da3a2164fc96', N'FBS', N'Foundation in Business', N'Foundation study in Business ', N'1', N'Foundation', N'Full Time', N'70b874bf-786d-4066-8c11-3536695c69ed')
INSERT INTO [dbo].[Programme] ([ProgrammeGUID], [ProgrammeAbbrv], [ProgrammeName], [ProgrammeDesc], [ProgrammeDuration], [ProgrammeCategory], [ProgrammeFullorPart], [FacultyGUID]) VALUES (N'cc88c46c-06cc-45b5-b07a-daf1707dec62', N'LPJ1', N'lau pin jian1', N'chou ben dan ', N'2', N'Bachelor Degree', N'Full Time', N'70b874bf-786d-4066-8c11-3536695c69ed')
INSERT INTO [dbo].[Programme] ([ProgrammeGUID], [ProgrammeAbbrv], [ProgrammeName], [ProgrammeDesc], [ProgrammeDuration], [ProgrammeCategory], [ProgrammeFullorPart], [FacultyGUID]) VALUES (N'12f934f0-a5f6-46e2-9f71-e10351c701f4', N'MSMS', N'Master of Science in Mathematical Sciences', N'master of science in mathematical sciences - full time', N'2', N'Master', N'Full Time', N'c913ca56-1809-4792-b5e7-f3f2b0eebd9c')
INSERT INTO [dbo].[Programme] ([ProgrammeGUID], [ProgrammeAbbrv], [ProgrammeName], [ProgrammeDesc], [ProgrammeDuration], [ProgrammeCategory], [ProgrammeFullorPart], [FacultyGUID]) VALUES (N'9baa8a13-9a51-4dfa-809b-e218a37c25f4', N'MSMS', N'Master of Science in Mathematical Sciences', N'master of science in mathematical sciences - part time', N'3', N'Master', N'Part Time', N'c913ca56-1809-4792-b5e7-f3f2b0eebd9c')
INSERT INTO [dbo].[Programme] ([ProgrammeGUID], [ProgrammeAbbrv], [ProgrammeName], [ProgrammeDesc], [ProgrammeDuration], [ProgrammeCategory], [ProgrammeFullorPart], [FacultyGUID]) VALUES (N'69dc85da-59b5-4c86-a2f9-e248373cb68d', N'RIT', N'Bachelor of Information Technology (Honours) in Internet Technology', N'Internet Technology Programme', N'3', N'Bachelor Degree', N'Full Time', N'c913ca56-1809-4792-b5e7-f3f2b0eebd9c')
INSERT INTO [dbo].[Programme] ([ProgrammeGUID], [ProgrammeAbbrv], [ProgrammeName], [ProgrammeDesc], [ProgrammeDuration], [ProgrammeCategory], [ProgrammeFullorPart], [FacultyGUID]) VALUES (N'7784fd37-411d-4972-97dc-e6efb83c56d5', N'FCP', N'Foundation in Computing', N'Foundation study in Computing which covers basic IT related courses that provide the student a solid foundation of the course.', N'1', N'Foundation', N'Full Time', N'c913ca56-1809-4792-b5e7-f3f2b0eebd9c')
INSERT INTO [dbo].[Programme] ([ProgrammeGUID], [ProgrammeAbbrv], [ProgrammeName], [ProgrammeDesc], [ProgrammeDuration], [ProgrammeCategory], [ProgrammeFullorPart], [FacultyGUID]) VALUES (N'cc751f26-8d28-44b1-b03a-ef69b4b319ce', N'DPMS', N'Doctor of Philosophy (Mathematical Sciences)', N'further studies of doctor philosophy in Mathematical Science', N'4', N'Doctor of Philosophy', N'Part Time', N'c913ca56-1809-4792-b5e7-f3f2b0eebd9c')
INSERT INTO [dbo].[Programme] ([ProgrammeGUID], [ProgrammeAbbrv], [ProgrammeName], [ProgrammeDesc], [ProgrammeDuration], [ProgrammeCategory], [ProgrammeFullorPart], [FacultyGUID]) VALUES (N'1e0d0814-0d33-47f5-9460-faf78fa34524', N'JLP', N'jerry lau', N'jerry lau', N'2', N'Diploma', N'Full Time', N'01e14dbc-9ca3-46f7-8ea0-0b0b3ceddc53')

INSERT INTO [dbo].[ProgrammeCourse] ([ProgrammeCourseGUID], [CourseGUID], [SemesterGUID], [ProgrammeGUID]) VALUES (N'347b18c8-e47a-45fc-9257-33c21b78ef67', N'12893845-e04d-4f6b-93e6-1ff788891b25', N'f8a8fc26-c7ba-498c-b195-4b80cf7d0f54', N'28630e63-31c2-4418-9297-5d389cc62f0f')
INSERT INTO [dbo].[ProgrammeCourse] ([ProgrammeCourseGUID], [CourseGUID], [SemesterGUID], [ProgrammeGUID]) VALUES (N'4f054461-4d7c-4541-b253-515898506c7c', N'618808e9-8fc4-45ca-b01f-170caeb476c1', N'f8a8fc26-c7ba-498c-b195-4b80cf7d0f54', N'28630e63-31c2-4418-9297-5d389cc62f0f')
INSERT INTO [dbo].[ProgrammeCourse] ([ProgrammeCourseGUID], [CourseGUID], [SemesterGUID], [ProgrammeGUID]) VALUES (N'c1d7d494-771e-4b3a-9710-e65341790bd9', N'2b0023b9-91b6-44ca-97cb-03de665b143e', N'f8a8fc26-c7ba-498c-b195-4b80cf7d0f54', N'28630e63-31c2-4418-9297-5d389cc62f0f')
